{
	"total": 0,
	"bucketNames": ["1-30", "31-60", "61-90", ">91"],
	"customer": [
		{
			"companyCode": "82",
			"pastdue_bucket3_amount": 844.0,
			"pastdue_bucket11_amount": 97.0,
			"broken_p2P_count": 3,
			"pastdue_bucket5_amount": 376.0,
			"pastdue_bucket1_amount": 1234.0,
			"pastdue_bucket2_amount": 212.0,
			"pastdue_bucket4_amount": 67.0,
			"pastdue_bucket6_amount": 122.0,
			"pastdue_bucket7_amount": 234.0,
			"accountCustomerNumber": "328111",
			"past_due": 64.0,
			"customerName": "FLUID SOLUTIONS, LLC",
			"processorId": 26786,
			"current_due": 401.4,
			"pastdue_bucket8_amount": 2.0,
			"pastdue_bucket9_amount": 55.0,
			"pkCustomerMapId": 105784350,
			"pastdue_bucket12_amount": 23.0,
			"pastdue_bucket10_amount": 99.0
		},
		{
			"companyCode": "82",
			"pastdue_bucket3_amount": 844.0,
			"pastdue_bucket11_amount": 97.0,
			"broken_p2P_count": 3,
			"pastdue_bucket5_amount": 376.0,
			"pastdue_bucket1_amount": 1234.0,
			"pastdue_bucket2_amount": 212.0,
			"pastdue_bucket4_amount": 67.0,
			"pastdue_bucket6_amount": 122.0,
			"pastdue_bucket7_amount": 234.0,
			"accountCustomerNumber": "328111",
			"past_due": 64.0,
			"customerName": "FLUID SOLUTIONS, LLC",
			"processorId": 26786,
			"current_due": 401.4,
			"pastdue_bucket8_amount": 2.0,
			"pastdue_bucket9_amount": 55.0,
			"pkCustomerMapId": 105784350,
			"pastdue_bucket12_amount": 23.0,
			"pastdue_bucket10_amount": 99.0
		},
		{
			"companyCode": "82",
			"pastdue_bucket3_amount": 900.0,
			"pastdue_bucket11_amount": 0.0,
			"broken_p2P_count": 1,
			"pastdue_bucket5_amount": 89.0,
			"pastdue_bucket1_amount": 245.0,
			"pastdue_bucket2_amount": 322.0,
			"pastdue_bucket4_amount": 233.0,
			"pastdue_bucket6_amount": 0.0,
			"pastdue_bucket7_amount": 0.0,
			"accountCustomerNumber": "172636",
			"past_due": 1234.0,
			"customerName": "MEAD JOHNSON NUTRITION",
			"processorId": 26786,
			"current_due": 50.44,
			"pastdue_bucket8_amount": 0.0,
			"pastdue_bucket9_amount": 0.0,
			"pkCustomerMapId": 104190742,
			"pastdue_bucket12_amount": 0.0,
			"pastdue_bucket10_amount": 0.0
		},
		{
			"companyCode": "82",
			"pastdue_bucket3_amount": 456.0,
			"pastdue_bucket11_amount": 0.0,
			"broken_p2P_count": null,
			"pastdue_bucket5_amount": 198.0,
			"pastdue_bucket1_amount": 467.0,
			"pastdue_bucket2_amount": 500.0,
			"pastdue_bucket4_amount": 89.0,
			"pastdue_bucket6_amount": 0.0,
			"pastdue_bucket7_amount": 0.0,
			"accountCustomerNumber": "543597",
			"past_due": 1500.0,
			"customerName": "EQUIP-BID.COM",
			"processorId": 26786,
			"current_due": 984.0,
			"pastdue_bucket8_amount": 0.0,
			"pastdue_bucket9_amount": 0.0,
			"pkCustomerMapId": 105792819,
			"pastdue_bucket12_amount": 0.0,
			"pastdue_bucket10_amount": 0.0
		},
		{
			"companyCode": "82",
			"pastdue_bucket3_amount": 897.0,
			"pastdue_bucket11_amount": 0.0,
			"broken_p2P_count": 2,
			"pastdue_bucket5_amount": 212.0,
			"pastdue_bucket1_amount": 676.0,
			"pastdue_bucket2_amount": 122.0,
			"pastdue_bucket4_amount": 0.0,
			"pastdue_bucket6_amount": 0.0,
			"pastdue_bucket7_amount": 0.0,
			"accountCustomerNumber": "620798",
			"past_due": 1000.0,
			"customerName": "SUPPLYSIDE USA INC",
			"processorId": 27327,
			"current_due": 99.0,
			"pastdue_bucket8_amount": 0.0,
			"pastdue_bucket9_amount": 0.0,
			"pkCustomerMapId": 105795391,
			"pastdue_bucket12_amount": 0.0,
			"pastdue_bucket10_amount": 0.0
		},
		{
			"companyCode": "82",
			"pastdue_bucket3_amount": 321.0,
			"pastdue_bucket11_amount": 0.0,
			"broken_p2P_count": 1,
			"pastdue_bucket5_amount": 0.0,
			"pastdue_bucket1_amount": 1067.17,
			"pastdue_bucket2_amount": 0.0,
			"pastdue_bucket4_amount": 0.0,
			"pastdue_bucket6_amount": 0.0,
			"pastdue_bucket7_amount": 0.0,
			"accountCustomerNumber": "556586",
			"past_due": 1067.17,
			"customerName": "RAISED COMPUTER FLOORS, INC.",
			"processorId": 27452,
			"current_due": 887.46,
			"pastdue_bucket8_amount": 0.0,
			"pastdue_bucket9_amount": 0.0,
			"pkCustomerMapId": 105793583,
			"pastdue_bucket12_amount": 0.0,
			"pastdue_bucket10_amount": 0.0
		},
		{
			"companyCode": "82",
			"pastdue_bucket3_amount": 989.0,
			"pastdue_bucket11_amount": 0.0,
			"broken_p2P_count": 2,
			"pastdue_bucket5_amount": 122.0,
			"pastdue_bucket1_amount": 41.88,
			"pastdue_bucket2_amount": 345.0,
			"pastdue_bucket4_amount": 451.0,
			"pastdue_bucket6_amount": 0.0,
			"pastdue_bucket7_amount": 0.0,
			"accountCustomerNumber": "598714",
			"past_due": 41.88,
			"customerName": "WHOLESALE TIRE INC.",
			"processorId": 27452,
			"current_due": 89.3,
			"pastdue_bucket8_amount": 0.0,
			"pastdue_bucket9_amount": 0.0,
			"pkCustomerMapId": 105795128,
			"pastdue_bucket12_amount": 0.0,
			"pastdue_bucket10_amount": 0.0
		}
	]
}
